<application>
  <component name="com.intellij.ide.ui.customization.CustomActionsSchema">
    <group value="Debugger.Tree.EvaluateInConsole" is_action="true" action_type="1" position="3">
      <path value="root" />
      <path value="Main Toolbar" />
    </group>
    <group value="Debugger.ViewText" is_action="true" action_type="1" position="4">
      <path value="root" />
      <path value="Main Toolbar" />
    </group>
    <group value="Debugger.EditArrayFilter" is_action="true" action_type="1" position="5">
      <path value="root" />
      <path value="Main Toolbar" />
    </group>
    <group value="XDebugger.MuteBreakpoints" is_action="true" action_type="1" position="6">
      <path value="root" />
      <path value="Main Toolbar" />
    </group>
  </component>
</application>