<application>
  <component name="FileTypeManager" version="19">
    <extensionMap>
      <mapping ext="gradle.kts" type="Kotlin" />
      <mapping ext="space.kts" type="Kotlin" />
      <mapping ext="main.kts" type="Kotlin" />
      <mapping ext="env" type="PLAIN_TEXT" />
      <mapping ext="pem" type="PLAIN_TEXT" />
      <removed_mapping ext="apk" approved="true" type="ARCHIVE" />
      <removed_mapping ext="bat" approved="true" type="PLAIN_TEXT" />
      <removed_mapping ext="cmd" approved="true" type="PLAIN_TEXT" />
      <removed_mapping ext="csv" approved="true" type="CSV file" />
      <removed_mapping ext="log" approved="true" type="PLAIN_TEXT" />
      <removed_mapping ext="psd" approved="true" type="Image" />
      <removed_mapping ext="tsv" approved="true" type="TSV" />
    </extensionMap>
  </component>
</application>