<application>
  <component name="DimensionService">
    <location key="find.popup.0.0.3840.2160@144dpi" x="959" y="224" />
    <size key="GridCell.Tab.0.left.0.0.3840.2160@144dpi" width="3719" height="395" />
    <size key="GridCell.Tab.0.center.0.0.3840.2160@144dpi" width="3719" height="395" />
    <size key="GridCell.Tab.0.right.0.0.3840.2160@144dpi" width="3719" height="395" />
    <size key="GridCell.Tab.0.bottom.0.0.3840.2160@144dpi" width="3719" height="395" />
    <size key="find.popup.0.0.3840.2160@144dpi" width="1023" height="1251" />
  </component>
  <component name="WindowManager">
    <frame x="-11" y="-11" width="3863" height="2111" extendedState="6" />
  </component>
</application>